{"cameraMode":{"drawMode":0,"name":"Shaded","section":"Shading Mode"},"sceneLighting":false,"audioPlay":false,"sceneViewState":{"showFog":true,"showMaterialUpdate":false,"showSkybox":false,"showFlares":true,"showImageEffects":true,"showParticleSystems":true},"in2DMode":false,"pivot":{"x":433.0680847167969,"y":206.79840087890626,"z":45.014007568359378},"rotation":{"x":-0.1050034686923027,"y":0.04592536389827728,"z":-0.004850827623158693,"w":-0.9934065937995911},"size":225.64193725585938,"orthographic":false}