{"cameraMode":{"drawMode":0,"name":"Shaded","section":"Shading Mode"},"sceneLighting":true,"audioPlay":false,"sceneViewState":{"showFog":true,"showMaterialUpdate":false,"showSkybox":true,"showFlares":true,"showImageEffects":true,"showParticleSystems":true},"in2DMode":false,"pivot":{"x":-2.2486743927001955,"y":2.535332679748535,"z":-11.189652442932129},"rotation":{"x":0.005934364162385464,"y":-0.9217138886451721,"z":0.3876411020755768,"w":0.01411110907793045},"size":5.107395172119141,"orthographic":false}