{"cameraMode":{"drawMode":0,"name":"Shaded","section":"Shading Mode"},"sceneLighting":true,"audioPlay":false,"sceneViewState":{"showFog":true,"showMaterialUpdate":false,"showSkybox":true,"showFlares":true,"showImageEffects":true,"showParticleSystems":true},"in2DMode":false,"pivot":{"x":-2.220597743988037,"y":-0.4399707317352295,"z":3.1223487854003908},"rotation":{"x":-0.05517291650176048,"y":-0.017677446827292444,"z":0.0009890500223264099,"w":-0.9983353614807129},"size":10.024274826049805,"orthographic":false}