{"cameraMode":{"drawMode":0,"name":"Shaded","section":"Shading Mode"},"sceneLighting":true,"audioPlay":false,"sceneViewState":{"showFog":true,"showMaterialUpdate":false,"showSkybox":true,"showFlares":true,"showImageEffects":true,"showParticleSystems":true},"in2DMode":false,"pivot":{"x":5.231222152709961,"y":-1.0346527099609376,"z":-3.6100826263427736},"rotation":{"x":0.11192969232797623,"y":0.8053394556045532,"z":-0.161061629652977,"w":0.5594895482063294},"size":9.53361988067627,"orthographic":false}