{"cameraMode":{"drawMode":0,"name":"Shaded","section":"Shading Mode"},"sceneLighting":false,"audioPlay":false,"sceneViewState":{"showFog":true,"showMaterialUpdate":false,"showSkybox":false,"showFlares":true,"showImageEffects":true,"showParticleSystems":true},"in2DMode":false,"pivot":{"x":123.68125915527344,"y":327.38751220703127,"z":0.0},"rotation":{"x":-0.03474714607000351,"y":0.056633345782756808,"z":-0.0019622647669166328,"w":-0.9977965354919434},"size":34.029518127441409,"orthographic":false}