{"cameraMode":{"drawMode":0,"name":"Shaded","section":"Shading Mode"},"sceneLighting":false,"audioPlay":false,"sceneViewState":{"showFog":true,"showMaterialUpdate":false,"showSkybox":false,"showFlares":true,"showImageEffects":true,"showParticleSystems":true},"in2DMode":false,"pivot":{"x":0.09415924549102783,"y":0.3283693790435791,"z":-0.07551836967468262},"rotation":{"x":0.2311355024576187,"y":0.6698926687240601,"z":-0.232371523976326,"w":0.6662557125091553},"size":1.1320550441741944,"orthographic":false}