{"cameraMode":{"drawMode":0,"name":"Shaded","section":"Shading Mode"},"sceneLighting":false,"audioPlay":false,"sceneViewState":{"showFog":true,"showMaterialUpdate":false,"showSkybox":false,"showFlares":true,"showImageEffects":true,"showParticleSystems":true},"in2DMode":false,"pivot":{"x":402.4219055175781,"y":163.3132781982422,"z":0.0},"rotation":{"x":-0.04978711158037186,"y":0.008686323650181294,"z":-0.00042825660784728825,"w":-0.9987297058105469},"size":593.3034057617188,"orthographic":false}