{"cameraMode":{"drawMode":0,"name":"Shaded","section":"Shading Mode"},"sceneLighting":false,"audioPlay":false,"sceneViewState":{"showFog":true,"showMaterialUpdate":false,"showSkybox":false,"showFlares":true,"showImageEffects":true,"showParticleSystems":true},"in2DMode":false,"pivot":{"x":291.6739501953125,"y":87.82534790039063,"z":1140.391357421875},"rotation":{"x":-0.06904564052820206,"y":0.07743339985609055,"z":-0.005371734965592623,"w":-0.9945971369743347},"size":782.0595092773438,"orthographic":false}