{"cameraMode":{"drawMode":0,"name":"Shaded","section":"Shading Mode"},"sceneLighting":false,"audioPlay":false,"sceneViewState":{"showFog":true,"showMaterialUpdate":false,"showSkybox":false,"showFlares":true,"showImageEffects":true,"showParticleSystems":true},"in2DMode":false,"pivot":{"x":528.5469360351563,"y":116.70747375488281,"z":686.7589111328125},"rotation":{"x":-0.04978711158037186,"y":0.008686323650181294,"z":-0.00042825660784728825,"w":-0.9987297058105469},"size":687.6513061523438,"orthographic":false}