{"cameraMode":{"drawMode":0,"name":"Shaded","section":"Shading Mode"},"sceneLighting":false,"audioPlay":false,"sceneViewState":{"showFog":true,"showMaterialUpdate":false,"showSkybox":false,"showFlares":true,"showImageEffects":true,"showParticleSystems":true},"in2DMode":false,"pivot":{"x":-0.0000013820827007293702,"y":0.09003978222608566,"z":0.23281937837600709},"rotation":{"x":-0.2813836634159088,"y":-0.4233974814414978,"z":0.14022426307201386,"w":-0.8496522307395935},"size":0.3234570622444153,"orthographic":false}