{"cameraMode":{"drawMode":0,"name":"Shaded","section":"Shading Mode"},"sceneLighting":true,"audioPlay":false,"sceneViewState":{"showFog":true,"showMaterialUpdate":false,"showSkybox":true,"showFlares":true,"showImageEffects":true,"showParticleSystems":true},"in2DMode":false,"pivot":{"x":-0.1085653305053711,"y":2.020512104034424,"z":-10.338942527770996},"rotation":{"x":-0.062286049127578738,"y":-0.8967001438140869,"z":0.417351633310318,"w":-0.13387368619441987},"size":5.107395172119141,"orthographic":false}