{"cameraMode":{"drawMode":0,"name":"Shaded","section":"Shading Mode"},"sceneLighting":false,"audioPlay":false,"sceneViewState":{"showFog":true,"showMaterialUpdate":false,"showSkybox":false,"showFlares":true,"showImageEffects":true,"showParticleSystems":true},"in2DMode":false,"pivot":{"x":121.49356079101563,"y":237.24850463867188,"z":115.35945892333985},"rotation":{"x":-0.03474714607000351,"y":0.056633345782756808,"z":-0.0019622647669166328,"w":-0.9977965354919434},"size":345.2991943359375,"orthographic":false}