{"cameraMode":{"drawMode":0,"name":"Shaded","section":"Shading Mode"},"sceneLighting":false,"audioPlay":false,"sceneViewState":{"showFog":true,"showMaterialUpdate":false,"showSkybox":false,"showFlares":true,"showImageEffects":true,"showParticleSystems":true},"in2DMode":false,"pivot":{"x":-24.46057891845703,"y":-4.023078918457031,"z":-22.997800827026368},"rotation":{"x":0.009317600168287754,"y":-0.9784088134765625,"z":0.04524363577365875,"w":0.20149944722652436},"size":1.3171730041503907,"orthographic":false}