{"cameraMode":{"drawMode":0,"name":"Shaded","section":"Shading Mode"},"sceneLighting":false,"audioPlay":false,"sceneViewState":{"showFog":true,"showMaterialUpdate":false,"showSkybox":false,"showFlares":true,"showImageEffects":true,"showParticleSystems":true},"in2DMode":false,"pivot":{"x":0.22064685821533204,"y":1.0661143064498902,"z":1.1176469326019288},"rotation":{"x":0.12565511465072633,"y":0.5549463629722595,"z":-0.08521401137113571,"w":0.8179581761360169},"size":1.7320549488067628,"orthographic":false}