{"cameraMode":{"drawMode":0,"name":"Shaded","section":"Shading Mode"},"sceneLighting":false,"audioPlay":false,"sceneViewState":{"showFog":true,"showMaterialUpdate":false,"showSkybox":false,"showFlares":true,"showImageEffects":true,"showParticleSystems":true},"in2DMode":false,"pivot":{"x":-1.0462913513183594,"y":1.0065027475357056,"z":0.19293618202209474},"rotation":{"x":-0.012849593535065651,"y":0.9843531847000122,"z":-0.1563371866941452,"w":-0.08081619441509247},"size":1.576686978340149,"orthographic":false}