{"cameraMode":{"drawMode":0,"name":"Shaded","section":"Shading Mode"},"sceneLighting":true,"audioPlay":false,"sceneViewState":{"showFog":true,"showMaterialUpdate":false,"showSkybox":false,"showFlares":true,"showImageEffects":true,"showParticleSystems":true},"in2DMode":false,"pivot":{"x":-154.51318359375,"y":104.92002868652344,"z":-67.17143249511719},"rotation":{"x":-0.2813836634159088,"y":-0.4233974814414978,"z":0.14022426307201386,"w":-0.8496522307395935},"size":4.950107097625732,"orthographic":false}